image_id,dx,label,confidence,method,fap_05,fap_03,entropy
ISIC_0033089,mel,1,0.6106289625167847,GradCAM,0.076171875,0.14963329081632654,9.968456
ISIC_0033089,mel,1,0.6106289625167847,GradCAM++,0.10180165816326531,0.18405213647959184,10.020514
ISIC_0033089,mel,1,0.6106289625167847,EigenCAM,0.07481664540816327,0.13440688775510204,9.387834
ISIC_0033089,mel,1,0.6106289625167847,LayerCAM,0.09972895408163265,0.17964764030612246,9.992148
ISIC_0028951,nv,0,0.5387207865715027,GradCAM,0.07338169642857142,0.15979751275510204,10.109855
ISIC_0028951,nv,0,0.5387207865715027,GradCAM++,0.1145766900510204,0.24412069515306123,10.308363
ISIC_0028951,nv,0,0.5387207865715027,EigenCAM,0.0790218431122449,0.12519929846938777,9.346182
ISIC_0028951,nv,0,0.5387207865715027,LayerCAM,0.12376434948979592,0.23042889030612246,10.223726
ISIC_0027999,nv,0,0.8052374720573425,GradCAM,0.03441884566326531,0.13817362882653061,10.000967
ISIC_0027999,nv,0,0.8052374720573425,GradCAM++,0.058713329081632654,0.16043526785714285,10.435392
ISIC_0027999,nv,0,0.8052374720573425,EigenCAM,0.04876833545918367,0.09697863520408163,9.195041
ISIC_0027999,nv,0,0.8052374720573425,LayerCAM,0.07754703443877552,0.16123246173469388,10.325391
ISIC_0033571,bcc,1,0.5844033360481262,GradCAM,0.12472098214285714,0.28780691964285715,10.558105
ISIC_0033571,bcc,1,0.5844033360481262,GradCAM++,0.060666454081632654,0.19405691964285715,10.389085
ISIC_0033571,bcc,1,0.5844033360481262,EigenCAM,0.06688456632653061,0.13458625637755103,9.461173
ISIC_0033571,bcc,1,0.5844033360481262,LayerCAM,0.06562898596938775,0.18293606505102042,10.350073
ISIC_0024733,mel,1,0.7316679954528809,GradCAM,0.09424824617346939,0.19284119897959184,10.174942
ISIC_0024733,mel,1,0.7316679954528809,GradCAM++,0.10738201530612244,0.22813695790816327,10.263521
ISIC_0024733,mel,1,0.7316679954528809,EigenCAM,0.09351084183673469,0.18662308673469388,9.740178
ISIC_0024733,mel,1,0.7316679954528809,LayerCAM,0.10548867984693877,0.2334582270408163,10.2814455
ISIC_0031623,nv,0,0.8098248690366745,GradCAM,0.016980229591836735,0.03667091836734694,8.376729
ISIC_0031623,nv,0,0.8098248690366745,GradCAM++,0.052076690051020405,0.09725765306122448,9.893581
ISIC_0031623,nv,0,0.8098248690366745,EigenCAM,0.04856903698979592,0.08731265943877552,9.218684
ISIC_0031623,nv,0,0.8098248690366745,LayerCAM,0.051060267857142856,0.09669961734693877,10.021643
ISIC_0030203,bkl,0,0.5002416372299194,GradCAM,0.05189732142857143,0.17139668367346939,10.065324
ISIC_0030203,bkl,0,0.5002416372299194,GradCAM++,0.05229591836734694,0.19642857142857142,10.490082
ISIC_0030203,bkl,0,0.5002416372299194,EigenCAM,0.16167091836734693,0.25283003826530615,9.817323
ISIC_0030203,bkl,0,0.5002416372299194,LayerCAM,0.04665577168367347,0.16721141581632654,10.47707
ISIC_0028522,nv,0,0.9986108649754897,GradCAM,0.0,0.0,-0.0
ISIC_0028522,nv,0,0.9986108649754897,GradCAM++,0.13081951530612246,0.4201610331632653,10.580412
ISIC_0028522,nv,0,0.9986108649754897,EigenCAM,0.08159279336734694,0.16938376913265307,9.9051
ISIC_0028522,nv,0,0.9986108649754897,LayerCAM,0.1223891900510204,0.41816804846938777,10.59724
ISIC_0028471,nv,0,0.993877625092864,GradCAM,0.0,0.0,-0.0
ISIC_0028471,nv,0,0.993877625092864,GradCAM++,0.03362165178571429,0.1171875,10.420769
ISIC_0028471,nv,0,0.993877625092864,EigenCAM,0.05795599489795918,0.15678810586734693,9.78212
ISIC_0028471,nv,0,0.993877625092864,LayerCAM,0.044224330357142856,0.15467554209183673,10.462018
ISIC_0025927,mel,1,0.9705937504768372,GradCAM,0.17412707270408162,0.2950813137755102,10.108543
ISIC_0025927,mel,1,0.9705937504768372,GradCAM++,0.17982700892857142,0.300960618622449,10.136832
ISIC_0025927,mel,1,0.9705937504768372,EigenCAM,0.12593670280612246,0.2081672512755102,9.759762
ISIC_0025927,mel,1,0.9705937504768372,LayerCAM,0.16954320790816327,0.29067681760204084,10.12087
ISIC_0033409,nv,0,0.9615681134164333,GradCAM,0.018435108418367346,0.025988520408163265,7.4319177
ISIC_0033409,nv,0,0.9615681134164333,GradCAM++,0.056341677295918366,0.1512874681122449,10.431808
ISIC_0033409,nv,0,0.9615681134164333,EigenCAM,0.03862404336734694,0.06823979591836735,8.911241
ISIC_0033409,nv,0,0.9615681134164333,LayerCAM,0.03627232142857143,0.11918048469387756,10.412984
ISIC_0026251,nv,0,0.5801631212234497,GradCAM,0.04370615433673469,0.11947943239795919,9.804826
ISIC_0026251,nv,0,0.5801631212234497,GradCAM++,0.11453683035714286,0.20176977040816327,10.225769
ISIC_0026251,nv,0,0.5801631212234497,EigenCAM,0.0809749681122449,0.1326530612244898,9.344687
ISIC_0026251,nv,0,0.5801631212234497,LayerCAM,0.11254384566326531,0.19812260841836735,10.212433
ISIC_0025315,nv,0,0.9829009920358658,GradCAM,0.013552295918367346,0.028619260204081634,8.724896
ISIC_0025315,nv,0,0.9829009920358658,GradCAM++,0.09135841836734694,0.19740513392857142,10.18482
ISIC_0025315,nv,0,0.9829009920358658,EigenCAM,0.04960538903061224,0.08898676658163265,9.458464
ISIC_0025315,nv,0,0.9829009920358658,LayerCAM,0.09765625,0.2063934948979592,10.296151
ISIC_0030212,nv,0,0.9958071741275489,GradCAM,0.0,0.0,-0.0
ISIC_0030212,nv,0,0.9958071741275489,GradCAM++,0.033701371173469385,0.08591757015306123,10.294113
ISIC_0030212,nv,0,0.9958071741275489,EigenCAM,0.032346141581632654,0.05807557397959184,9.322829
ISIC_0030212,nv,0,0.9958071741275489,LayerCAM,0.0389030612244898,0.09825414540816327,10.307815
ISIC_0027732,nv,0,0.9836850762367249,GradCAM,0.0,0.0,-0.0
ISIC_0027732,nv,0,0.9836850762367249,GradCAM++,0.02415497448979592,0.06369579081632654,10.459305
ISIC_0027732,nv,0,0.9836850762367249,EigenCAM,0.027483258928571428,0.057318239795918366,9.566667
ISIC_0027732,nv,0,0.9836850762367249,LayerCAM,0.02574936224489796,0.06190210459183673,10.451346
ISIC_0029742,vasc,0,0.9950654059648514,GradCAM,0.0,0.0,-0.0
ISIC_0029742,vasc,0,0.9950654059648514,GradCAM++,0.045220822704081634,0.10034677933673469,10.421646
ISIC_0029742,vasc,0,0.9950654059648514,EigenCAM,0.03928172831632653,0.07001355229591837,9.33402
ISIC_0029742,vasc,0,0.9950654059648514,LayerCAM,0.04880819515306122,0.11148756377551021,10.469882
ISIC_0032652,bcc,1,0.8603022694587708,GradCAM,0.11118861607142858,0.21452487244897958,10.093708
ISIC_0032652,bcc,1,0.8603022694587708,GradCAM++,0.09793526785714286,0.18815768494897958,10.020223
ISIC_0032652,bcc,1,0.8603022694587708,EigenCAM,0.05337213010204082,0.10429288903061225,9.392033
ISIC_0032652,bcc,1,0.8603022694587708,LayerCAM,0.0950454400510204,0.18217873086734693,9.99149
ISIC_0027530,nv,0,0.8967119455337524,GradCAM,0.03834502551020408,0.06752232142857142,8.73084
ISIC_0027530,nv,0,0.8967119455337524,GradCAM++,0.111328125,0.23140545280612246,10.377625
ISIC_0027530,nv,0,0.8967119455337524,EigenCAM,0.062001753826530615,0.10726243622448979,9.426401
ISIC_0027530,nv,0,0.8967119455337524,LayerCAM,0.10100446428571429,0.21422592474489796,10.387263
ISIC_0026568,nv,0,0.9612551219761372,GradCAM,0.0,0.0,-0.0
ISIC_0026568,nv,0,0.9612551219761372,GradCAM++,0.1015625,0.23563058035714285,10.414876
ISIC_0026568,nv,0,0.9612551219761372,EigenCAM,0.03790656887755102,0.09530452806122448,9.697664
ISIC_0026568,nv,0,0.9612551219761372,LayerCAM,0.09791533801020408,0.2344347895408163,10.442744
ISIC_0028959,nv,0,0.996147382305935,GradCAM,0.0,0.0,-0.0
ISIC_0028959,nv,0,0.996147382305935,GradCAM++,0.06857860331632654,0.1796277104591837,10.557943
ISIC_0028959,nv,0,0.996147382305935,EigenCAM,0.03455835459183673,0.08282844387755102,9.49162
ISIC_0028959,nv,0,0.996147382305935,LayerCAM,0.05357142857142857,0.18476961096938777,10.593285
ISIC_0030643,nv,0,0.940210610628128,GradCAM,0.0,0.0,-0.0
ISIC_0030643,nv,0,0.940210610628128,GradCAM++,0.08948501275510204,0.25436463647959184,10.4592705
ISIC_0030643,nv,0,0.940210610628128,EigenCAM,0.08011798469387756,0.14421237244897958,9.733515
ISIC_0030643,nv,0,0.940210610628128,LayerCAM,0.1333904655612245,0.31676498724489793,10.479478
ISIC_0033303,nv,0,0.6362427175045013,GradCAM,0.04302853954081633,0.11356026785714286,9.672981
ISIC_0033303,nv,0,0.6362427175045013,GradCAM++,0.046018016581632654,0.09650031887755102,10.03917
ISIC_0033303,nv,0,0.6362427175045013,EigenCAM,0.04452327806122449,0.08272879464285714,8.968023
ISIC_0033303,nv,0,0.6362427175045013,LayerCAM,0.045978156887755105,0.0957828443877551,10.060092
ISIC_0026768,nv,0,0.9987793297041208,GradCAM,0.0,0.0,-0.0
ISIC_0026768,nv,0,0.9987793297041208,GradCAM++,0.037029655612244895,0.19401705994897958,10.586259
ISIC_0026768,nv,0,0.9987793297041208,EigenCAM,0.037209024234693876,0.08428332270408163,9.673678
ISIC_0026768,nv,0,0.9987793297041208,LayerCAM,0.041892538265306124,0.212890625,10.588263
ISIC_0028610,nv,0,0.8168781101703644,GradCAM,0.018435108418367346,0.025988520408163265,7.8631196
ISIC_0028610,nv,0,0.8168781101703644,GradCAM++,0.04994419642857143,0.09753667091836735,10.0478115
ISIC_0028610,nv,0,0.8168781101703644,EigenCAM,0.04432397959183673,0.0872329400510204,9.148442
ISIC_0028610,nv,0,0.8168781101703644,LayerCAM,0.04689492984693878,0.09520487882653061,10.152003
ISIC_0032244,mel,1,0.6595650315284729,GradCAM,0.09496572066326531,0.21424585459183673,10.250525
ISIC_0032244,mel,1,0.6595650315284729,GradCAM++,0.20788823341836735,0.3089126275510204,10.268008
ISIC_0032244,mel,1,0.6595650315284729,EigenCAM,0.12342554209183673,0.19481425382653061,9.594946
ISIC_0032244,mel,1,0.6595650315284729,LayerCAM,0.20149075255102042,0.300601881377551,10.259385
ISIC_0026032,nv,0,0.9742355272173882,GradCAM,0.0,0.0,-0.0
ISIC_0026032,nv,0,0.9742355272173882,GradCAM++,0.07001355229591837,0.19889987244897958,10.453152
ISIC_0026032,nv,0,0.9742355272173882,EigenCAM,0.06957509566326531,0.1200374681122449,9.316518
ISIC_0026032,nv,0,0.9742355272173882,LayerCAM,0.09624123086734694,0.23899872448979592,10.497429
ISIC_0033134,nv,0,0.7254745662212372,GradCAM,0.03772720025510204,0.09681919642857142,9.423215
ISIC_0033134,nv,0,0.7254745662212372,GradCAM++,0.07043207908163265,0.16085379464285715,10.446327
ISIC_0033134,nv,0,0.7254745662212372,EigenCAM,0.06194196428571429,0.10654496173469388,9.184057
ISIC_0033134,nv,0,0.7254745662212372,LayerCAM,0.07395966198979592,0.16818797831632654,10.451805
ISIC_0030402,nv,0,0.9756177943199873,GradCAM,0.0,0.0,-0.0
ISIC_0030402,nv,0,0.9756177943199873,GradCAM++,0.033502072704081634,0.06939572704081633,10.35104
ISIC_0030402,nv,0,0.9756177943199873,EigenCAM,0.030811543367346938,0.05963010204081633,9.2758045
ISIC_0030402,nv,0,0.9756177943199873,LayerCAM,0.033522002551020405,0.06951530612244898,10.376616
ISIC_0026386,nv,0,0.993583389557898,GradCAM,0.0,0.0,-0.0
ISIC_0026386,nv,0,0.993583389557898,GradCAM++,0.05961017219387755,0.11160714285714286,10.289492
ISIC_0026386,nv,0,0.993583389557898,EigenCAM,0.04434390943877551,0.08256935586734694,9.403966
ISIC_0026386,nv,0,0.993583389557898,LayerCAM,0.055982940051020405,0.10728236607142858,10.368226
ISIC_0027717,nv,0,0.6421064734458923,GradCAM,0.08248963647959184,0.1756218112244898,9.770444
ISIC_0027717,nv,0,0.6421064734458923,GradCAM++,0.2033641581632653,0.3155492665816326,10.312574
ISIC_0027717,nv,0,0.6421064734458923,EigenCAM,0.15284199617346939,0.2733577806122449,10.366612
ISIC_0027717,nv,0,0.6421064734458923,LayerCAM,0.19186463647959184,0.3056042729591837,10.31351
ISIC_0025067,nv,0,0.9960212539881468,GradCAM,0.0,0.0,-0.0
ISIC_0025067,nv,0,0.9960212539881468,GradCAM++,0.08013791454081633,0.26436941964285715,10.561859
ISIC_0025067,nv,0,0.9960212539881468,EigenCAM,0.022042410714285716,0.13205516581632654,9.86192
ISIC_0025067,nv,0,0.9960212539881468,LayerCAM,0.09293287627551021,0.3159080038265306,10.591377
ISIC_0032051,bkl,0,0.6038619875907898,GradCAM,0.08085538903061225,0.21809231505102042,10.29096
ISIC_0032051,bkl,0,0.6038619875907898,GradCAM++,0.1051498724489796,0.37986288265306123,10.600497
ISIC_0032051,bkl,0,0.6038619875907898,EigenCAM,0.10668447066326531,0.16629464285714285,9.459494
ISIC_0032051,bkl,0,0.6038619875907898,LayerCAM,0.09510522959183673,0.3296396683673469,10.558092
ISIC_0033181,nv,0,0.8396894037723541,GradCAM,0.05397002551020408,0.16185028698979592,9.927326
ISIC_0033181,nv,0,0.8396894037723541,GradCAM++,0.09671954719387756,0.2488639987244898,10.21278
ISIC_0033181,nv,0,0.8396894037723541,EigenCAM,0.06732302295918367,0.16876594387755103,9.747398
ISIC_0033181,nv,0,0.8396894037723541,LayerCAM,0.09962930484693877,0.24573501275510204,10.191042
ISIC_0028644,akiec,0,0.6428752541542053,GradCAM,0.0204280931122449,0.035833864795918366,9.0412245
ISIC_0028644,akiec,0,0.6428752541542053,GradCAM++,0.08456234056122448,0.2097217793367347,10.420854
ISIC_0028644,akiec,0,0.6428752541542053,EigenCAM,0.08109454719387756,0.15322066326530612,9.595075
ISIC_0028644,akiec,0,0.6428752541542053,LayerCAM,0.09612165178571429,0.22865513392857142,10.4232025
ISIC_0028049,nv,0,0.9979864764027297,GradCAM,0.0,0.0,-0.0
ISIC_0028049,nv,0,0.9979864764027297,GradCAM++,0.09129862882653061,0.22415098852040816,10.374759
ISIC_0028049,nv,0,0.9979864764027297,EigenCAM,0.10004783163265306,0.18486926020408162,9.870215
ISIC_0028049,nv,0,0.9979864764027297,LayerCAM,0.10178172831632654,0.26110092474489793,10.417041
ISIC_0029086,nv,0,0.9986700860317796,GradCAM,0.0,0.0,-0.0
ISIC_0029086,nv,0,0.9986700860317796,GradCAM++,0.05885283801020408,0.14313616071428573,10.316644
ISIC_0029086,nv,0,0.9986700860317796,EigenCAM,0.06265943877551021,0.15750558035714285,9.745386
ISIC_0029086,nv,0,0.9986700860317796,LayerCAM,0.06752232142857142,0.14871651785714285,10.328297
ISIC_0026180,nv,0,0.9802850633859634,GradCAM,0.0,0.0,-0.0
ISIC_0026180,nv,0,0.9802850633859634,GradCAM++,0.06519052933673469,0.1025390625,10.097313
ISIC_0026180,nv,0,0.9802850633859634,EigenCAM,0.05532525510204082,0.09165736607142858,9.130964
ISIC_0026180,nv,0,0.9802850633859634,LayerCAM,0.06375558035714286,0.10267857142857142,10.23936
ISIC_0030702,nv,0,0.9924166244454682,GradCAM,0.0,0.0,-0.0
ISIC_0030702,nv,0,0.9924166244454682,GradCAM++,0.048329878826530615,0.17737563775510204,10.4902
ISIC_0030702,nv,0,0.9924166244454682,EigenCAM,0.05253507653061224,0.11465640943877552,9.569902
ISIC_0030702,nv,0,0.9924166244454682,LayerCAM,0.04219148596938776,0.16238839285714285,10.483342
ISIC_0028452,nv,0,0.9977767718955874,GradCAM,0.0,0.0,-0.0
ISIC_0028452,nv,0,0.9977767718955874,GradCAM++,0.08611686862244898,0.29819036989795916,10.526323
ISIC_0028452,nv,0,0.9977767718955874,EigenCAM,0.08978396045918367,0.15455596301020408,9.608612
ISIC_0028452,nv,0,0.9977767718955874,LayerCAM,0.08458227040816327,0.27991470025510207,10.53347
ISIC_0030628,nv,0,0.9795947056263685,GradCAM,0.0,0.0,-0.0
ISIC_0030628,nv,0,0.9795947056263685,GradCAM++,0.07029257015306123,0.13042091836734693,10.308011
ISIC_0030628,nv,0,0.9795947056263685,EigenCAM,0.050302933673469385,0.09289301658163265,9.477522
ISIC_0030628,nv,0,0.9795947056263685,LayerCAM,0.06664540816326531,0.15373883928571427,10.38427
ISIC_0024503,nv,0,0.7189395725727081,GradCAM,0.02702487244897959,0.05650111607142857,8.569513
ISIC_0024503,nv,0,0.7189395725727081,GradCAM++,0.08233019770408163,0.14397321428571427,10.169048
ISIC_0024503,nv,0,0.7189395725727081,EigenCAM,0.05247528698979592,0.10267857142857142,9.1905155
ISIC_0024503,nv,0,0.7189395725727081,LayerCAM,0.08117426658163265,0.1443718112244898,10.233826
ISIC_0032416,nv,0,0.9992056658957154,GradCAM,0.0,0.0,-0.0
ISIC_0032416,nv,0,0.9992056658957154,GradCAM++,0.08669483418367346,0.21731505102040816,10.425883
ISIC_0032416,nv,0,0.9992056658957154,EigenCAM,0.05835459183673469,0.10311702806122448,9.4151945
ISIC_0032416,nv,0,0.9992056658957154,LayerCAM,0.08559869260204081,0.20731026785714285,10.441007
ISIC_0028278,nv,0,0.9984861970879138,GradCAM,0.0,0.0,-0.0
ISIC_0028278,nv,0,0.9984861970879138,GradCAM++,0.20356345663265307,0.4877830038265306,10.648954
ISIC_0028278,nv,0,0.9984861970879138,EigenCAM,0.03693000637755102,0.10524952168367346,9.979795
ISIC_0028278,nv,0,0.9984861970879138,LayerCAM,0.14811862244897958,0.48622847576530615,10.665025
ISIC_0027691,nv,0,0.9903411157429218,GradCAM,0.0,0.0,-0.0
ISIC_0027691,nv,0,0.9903411157429218,GradCAM++,0.1634247448979592,0.35453204719387754,10.474862
ISIC_0027691,nv,0,0.9903411157429218,EigenCAM,0.07744738520408163,0.12161192602040816,9.216434
ISIC_0027691,nv,0,0.9903411157429218,LayerCAM,0.14873644770408162,0.30301339285714285,10.475854
ISIC_0030336,nv,0,0.8655110597610474,GradCAM,0.0,0.0,-0.0
ISIC_0030336,nv,0,0.8655110597610474,GradCAM++,0.02574936224489796,0.05699936224489796,10.066628
ISIC_0030336,nv,0,0.8655110597610474,EigenCAM,0.02529097576530612,0.055544483418367346,9.234543
ISIC_0030336,nv,0,0.8655110597610474,LayerCAM,0.02774234693877551,0.06186224489795918,10.186311
ISIC_0033035,nv,0,0.7709963768720627,GradCAM,0.03850446428571429,0.07122927295918367,8.667191
ISIC_0033035,nv,0,0.7709963768720627,GradCAM++,0.11716757015306123,0.2283561862244898,10.479097
ISIC_0033035,nv,0,0.7709963768720627,EigenCAM,0.08141342474489796,0.13799426020408162,9.39219
ISIC_0033035,nv,0,0.7709963768720627,LayerCAM,0.1044124681122449,0.20017538265306123,10.498359
ISIC_0025685,nv,0,0.9986137764062732,GradCAM,0.0,0.0,-0.0
ISIC_0025685,nv,0,0.9986137764062732,GradCAM++,0.03657126913265306,0.16896524234693877,10.585705
ISIC_0025685,nv,0,0.9986137764062732,EigenCAM,0.03186782525510204,0.10556839923469388,9.895272
ISIC_0025685,nv,0,0.9986137764062732,LayerCAM,0.04488201530612245,0.18963249362244897,10.598776
ISIC_0033023,mel,1,0.9668800830841064,GradCAM,0.1961296237244898,0.3029735331632653,10.183743
ISIC_0033023,mel,1,0.9668800830841064,GradCAM++,0.19347895408163265,0.30080117984693877,10.18875
ISIC_0033023,mel,1,0.9668800830841064,EigenCAM,0.1343670280612245,0.2180125956632653,9.720918
ISIC_0033023,mel,1,0.9668800830841064,LayerCAM,0.1857063137755102,0.29123485331632654,10.161255
ISIC_0024766,nv,0,0.9945566579699516,GradCAM,0.0,0.0,-0.0
ISIC_0024766,nv,0,0.9945566579699516,GradCAM++,0.025350765306122448,0.08583785076530612,10.295419
ISIC_0024766,nv,0,0.9945566579699516,EigenCAM,0.01953125,0.04545998086734694,9.563149
ISIC_0024766,nv,0,0.9945566579699516,LayerCAM,0.02431441326530612,0.09000318877551021,10.348003
ISIC_0033476,mel,1,0.7290407419204712,GradCAM,0.10411352040816327,0.17410714285714285,9.819621
ISIC_0033476,mel,1,0.7290407419204712,GradCAM++,0.08248963647959184,0.15322066326530612,9.978787
ISIC_0033476,mel,1,0.7290407419204712,EigenCAM,0.05919164540816327,0.11288265306122448,9.336933
ISIC_0033476,mel,1,0.7290407419204712,LayerCAM,0.07800542091836735,0.14853714923469388,9.979717
ISIC_0026503,nv,0,0.9994321616832167,GradCAM,0.0,0.0,-0.0
ISIC_0026503,nv,0,0.9994321616832167,GradCAM++,0.07726801658163265,0.3551698022959184,10.570593
ISIC_0026503,nv,0,0.9994321616832167,EigenCAM,0.04137436224489796,0.10961415816326531,9.820092
ISIC_0026503,nv,0,0.9994321616832167,LayerCAM,0.05532525510204082,0.29771205357142855,10.557964
ISIC_0033885,mel,1,0.5479636788368225,GradCAM,0.049127072704081634,0.09970902423469388,10.13465
ISIC_0033885,mel,1,0.5479636788368225,GradCAM++,0.06251992984693877,0.18327487244897958,10.407586
ISIC_0033885,mel,1,0.5479636788368225,EigenCAM,0.17103794642857142,0.2578722895408163,9.802819
ISIC_0033885,mel,1,0.5479636788368225,LayerCAM,0.064453125,0.18582589285714285,10.401445
ISIC_0028779,nv,0,0.9819372575730085,GradCAM,0.0,0.0,-0.0
ISIC_0028779,nv,0,0.9819372575730085,GradCAM++,0.06457270408163265,0.1962890625,10.379106
ISIC_0028779,nv,0,0.9819372575730085,EigenCAM,0.058892697704081634,0.09791533801020408,9.273286
ISIC_0028779,nv,0,0.9819372575730085,LayerCAM,0.06568877551020408,0.19670758928571427,10.419312
ISIC_0026598,nv,0,0.9961740772705525,GradCAM,0.0,0.0,-0.0
ISIC_0026598,nv,0,0.9961740772705525,GradCAM++,0.08840880102040816,0.2743542729591837,10.484785
ISIC_0026598,nv,0,0.9961740772705525,EigenCAM,0.047353316326530615,0.13835299744897958,10.006828
ISIC_0026598,nv,0,0.9961740772705525,LayerCAM,0.14196029974489796,0.3435108418367347,10.508179
ISIC_0027659,mel,1,0.6801599860191345,GradCAM,0.08667490433673469,0.17336973852040816,10.303725
ISIC_0027659,mel,1,0.6801599860191345,GradCAM++,0.12932477678571427,0.2569953762755102,10.283822
ISIC_0027659,mel,1,0.6801599860191345,EigenCAM,0.07965959821428571,0.12936463647959184,9.402936
ISIC_0027659,mel,1,0.6801599860191345,LayerCAM,0.13255341198979592,0.26614317602040816,10.254123
ISIC_0028361,mel,1,0.9783115983009338,GradCAM,0.1678890306122449,0.26407047193877553,9.998458
ISIC_0028361,mel,1,0.9783115983009338,GradCAM++,0.15625,0.25217235331632654,10.043073
ISIC_0028361,mel,1,0.9783115983009338,EigenCAM,0.11684869260204081,0.1847297512755102,9.641143
ISIC_0028361,mel,1,0.9783115983009338,LayerCAM,0.15294164540816327,0.2463329081632653,10.014213
ISIC_0031616,nv,0,0.9591364301741123,GradCAM,0.0,0.0,-0.0
ISIC_0031616,nv,0,0.9591364301741123,GradCAM++,0.12266820790816327,0.29916693239795916,10.564187
ISIC_0031616,nv,0,0.9591364301741123,EigenCAM,0.6114277742346939,0.7350924744897959,10.595073
ISIC_0031616,nv,0,0.9591364301741123,LayerCAM,0.15690768494897958,0.38536352040816324,10.584634
ISIC_0026999,nv,0,0.9995907457487192,GradCAM,0.0,0.0,-0.0
ISIC_0026999,nv,0,0.9995907457487192,GradCAM++,0.07772640306122448,0.22600446428571427,10.464298
ISIC_0026999,nv,0,0.9995907457487192,EigenCAM,0.10269850127551021,0.21448501275510204,10.040982
ISIC_0026999,nv,0,0.9995907457487192,LayerCAM,0.08840880102040816,0.2580516581632653,10.487278
ISIC_0025053,nv,0,0.9841602444648743,GradCAM,0.0,0.0,-0.0
ISIC_0025053,nv,0,0.9841602444648743,GradCAM++,0.07637117346938775,0.18403220663265307,10.475985
ISIC_0025053,nv,0,0.9841602444648743,EigenCAM,0.061643016581632654,0.11208545918367346,9.4779415
ISIC_0025053,nv,0,0.9841602444648743,LayerCAM,0.07166772959183673,0.17145647321428573,10.481997
ISIC_0032084,nv,0,0.9313851967453957,GradCAM,0.018435108418367346,0.025988520408163265,7.4319177
ISIC_0032084,nv,0,0.9313851967453957,GradCAM++,0.049107142857142856,0.2189094387755102,10.640069
ISIC_0032084,nv,0,0.9313851967453957,EigenCAM,0.049306441326530615,0.11858258928571429,9.506638
ISIC_0032084,nv,0,0.9313851967453957,LayerCAM,0.04821029974489796,0.1970264668367347,10.639497
ISIC_0026597,nv,0,0.999648907687515,GradCAM,0.0,0.0,-0.0
ISIC_0026597,nv,0,0.999648907687515,GradCAM++,0.08852838010204081,0.2189094387755102,10.4245825
ISIC_0026597,nv,0,0.999648907687515,EigenCAM,0.07916135204081633,0.18476961096938777,9.909908
ISIC_0026597,nv,0,0.999648907687515,LayerCAM,0.10499043367346939,0.2506576849489796,10.437051
ISIC_0026929,nv,0,0.7032122015953064,GradCAM,0.05765704719387755,0.12990274234693877,9.842925
ISIC_0026929,nv,0,0.7032122015953064,GradCAM++,0.026566485969387755,0.1543566645408163,10.516743
ISIC_0026929,nv,0,0.7032122015953064,EigenCAM,0.5220025510204082,0.68359375,10.551098
ISIC_0026929,nv,0,0.7032122015953064,LayerCAM,0.04649633290816327,0.2212810905612245,10.523054
ISIC_0029243,bkl,0,0.5337185263633728,GradCAM,0.08009805484693877,0.21153539540816327,10.111809
ISIC_0029243,bkl,0,0.5337185263633728,GradCAM++,0.0856186224489796,0.20252710459183673,10.435702
ISIC_0029243,bkl,0,0.5337185263633728,EigenCAM,0.09885204081632654,0.1982421875,9.794977
ISIC_0029243,bkl,0,0.5337185263633728,LayerCAM,0.08860809948979592,0.21193399234693877,10.450235
ISIC_0028261,nv,0,0.5262566804885864,GradCAM,0.04643654336734694,0.0875717474489796,10.264303
ISIC_0028261,nv,0,0.5262566804885864,GradCAM++,0.09267378826530612,0.27266023596938777,10.420671
ISIC_0028261,nv,0,0.5262566804885864,EigenCAM,0.13360969387755103,0.21018016581632654,9.691667
ISIC_0028261,nv,0,0.5262566804885864,LayerCAM,0.12069515306122448,0.2961973852040816,10.383229
ISIC_0030417,mel,1,0.6754142045974731,GradCAM,0.05735809948979592,0.13512436224489796,9.891481
ISIC_0030417,mel,1,0.6754142045974731,GradCAM++,0.04924665178571429,0.12894610969387754,10.022035
ISIC_0030417,mel,1,0.6754142045974731,EigenCAM,0.039939413265306124,0.09371014030612244,9.233728
ISIC_0030417,mel,1,0.6754142045974731,LayerCAM,0.05195711096938776,0.1298828125,10.053818
ISIC_0026854,nv,0,0.9573546759784222,GradCAM,0.0,0.0,-0.0
ISIC_0026854,nv,0,0.9573546759784222,GradCAM++,0.05325255102040816,0.17924904336734693,10.521739
ISIC_0026854,nv,0,0.9573546759784222,EigenCAM,0.02196269132653061,0.05590322066326531,9.725495
ISIC_0026854,nv,0,0.9573546759784222,LayerCAM,0.04262994260204082,0.1785514987244898,10.558769
ISIC_0027755,nv,0,0.7647389769554138,GradCAM,0.03649154974489796,0.07786591198979592,9.170936
ISIC_0027755,nv,0,0.7647389769554138,GradCAM++,0.09026227678571429,0.19088807397959184,10.443389
ISIC_0027755,nv,0,0.7647389769554138,EigenCAM,0.05974968112244898,0.10849808673469388,9.3239155
ISIC_0027755,nv,0,0.7647389769554138,LayerCAM,0.08577806122448979,0.1799266581632653,10.420622
ISIC_0029181,nv,0,0.9949377086013556,GradCAM,0.0,0.0,-0.0
ISIC_0029181,nv,0,0.9949377086013556,GradCAM++,0.04083625637755102,0.10403380102040816,10.427392
ISIC_0029181,nv,0,0.9949377086013556,EigenCAM,0.06610730229591837,0.1466438137755102,9.776919
ISIC_0029181,nv,0,0.9949377086013556,LayerCAM,0.04547991071428571,0.12236926020408163,10.452623
ISIC_0027478,bcc,1,0.965593695640564,GradCAM,0.17578125,0.2756895727040816,10.08529
ISIC_0027478,bcc,1,0.965593695640564,GradCAM++,0.15204480229591838,0.25223214285714285,10.066785
ISIC_0027478,bcc,1,0.965593695640564,EigenCAM,0.10158242984693877,0.17219387755102042,9.622102
ISIC_0027478,bcc,1,0.965593695640564,LayerCAM,0.14853714923469388,0.24669164540816327,10.033201
ISIC_0024838,nv,0,0.9964016017038375,GradCAM,0.016661352040816327,0.028738839285714284,7.682144
ISIC_0024838,nv,0,0.9964016017038375,GradCAM++,0.1035953443877551,0.2928491709183674,10.575657
ISIC_0024838,nv,0,0.9964016017038375,EigenCAM,0.03970025510204082,0.08980389030612244,9.695278
ISIC_0024838,nv,0,0.9964016017038375,LayerCAM,0.09062101403061225,0.29464285714285715,10.612033
ISIC_0030470,nv,0,0.9762884899973869,GradCAM,0.0,0.0,-0.0
ISIC_0030470,nv,0,0.9762884899973869,GradCAM++,0.07106983418367346,0.1611328125,10.463084
ISIC_0030470,nv,0,0.9762884899973869,EigenCAM,0.020169005102040817,0.04544005102040816,9.430429
ISIC_0030470,nv,0,0.9762884899973869,LayerCAM,0.0928531568877551,0.17825255102040816,10.436121
ISIC_0034004,nv,0,0.8210054636001587,GradCAM,0.02614795918367347,0.06911670918367346,9.13817
ISIC_0034004,nv,0,0.8210054636001587,GradCAM++,0.18439094387755103,0.28635204081632654,10.327584
ISIC_0034004,nv,0,0.8210054636001587,EigenCAM,0.15898038903061223,0.22901387117346939,9.620537
ISIC_0034004,nv,0,0.8210054636001587,LayerCAM,0.19234295280612246,0.28902264030612246,10.323742
ISIC_0031340,nv,0,0.6621434986591339,GradCAM,0.03356186224489796,0.07900191326530612,9.001182
ISIC_0031340,nv,0,0.6621434986591339,GradCAM++,0.1314971301020408,0.27965561224489793,10.381225
ISIC_0031340,nv,0,0.6621434986591339,EigenCAM,0.06660554846938775,0.1392498405612245,9.558287
ISIC_0031340,nv,0,0.6621434986591339,LayerCAM,0.1337093431122449,0.3186782525510204,10.448687
ISIC_0026502,nv,0,0.7215115427970886,GradCAM,0.06088568239795918,0.09935028698979592,8.900098
ISIC_0026502,nv,0,0.7215115427970886,GradCAM++,0.04225127551020408,0.07577327806122448,10.059577
ISIC_0026502,nv,0,0.7215115427970886,EigenCAM,0.04005899234693878,0.072265625,8.942482
ISIC_0026502,nv,0,0.7215115427970886,LayerCAM,0.04526068239795918,0.08127391581632654,10.202729
ISIC_0028477,nv,0,0.9236485958099365,GradCAM,0.018435108418367346,0.025988520408163265,7.4319177
ISIC_0028477,nv,0,0.9236485958099365,GradCAM++,0.04193239795918367,0.08651546556122448,10.463549
ISIC_0028477,nv,0,0.9236485958099365,EigenCAM,0.038384885204081634,0.07665019132653061,9.07825
ISIC_0028477,nv,0,0.9236485958099365,LayerCAM,0.04663584183673469,0.09331154336734694,10.451466
ISIC_0027161,nv,0,0.9987849964527413,GradCAM,0.0,0.0,-0.0
ISIC_0027161,nv,0,0.9987849964527413,GradCAM++,0.09347098214285714,0.2661830357142857,10.577356
ISIC_0027161,nv,0,0.9987849964527413,EigenCAM,0.06056680484693878,0.14502949617346939,9.679703
ISIC_0027161,nv,0,0.9987849964527413,LayerCAM,0.09925063775510204,0.3004823022959184,10.595272
ISIC_0024986,nv,0,0.8620388060808182,GradCAM,0.017578125,0.029994419642857144,8.151018
ISIC_0024986,nv,0,0.8620388060808182,GradCAM++,0.06345663265306123,0.11200573979591837,10.323204
ISIC_0024986,nv,0,0.8620388060808182,EigenCAM,0.029635682397959183,0.06146364795918367,8.9210005
ISIC_0024986,nv,0,0.8620388060808182,LayerCAM,0.05919164540816327,0.10821906887755102,10.291402
ISIC_0033968,mel,1,0.9008862972259521,GradCAM,0.11176658163265306,0.18205915178571427,9.843257
ISIC_0033968,mel,1,0.9008862972259521,GradCAM++,0.10323660714285714,0.16906489158163265,9.864562
ISIC_0033968,mel,1,0.9008862972259521,EigenCAM,0.07461734693877552,0.12623565051020408,9.367598
ISIC_0033968,mel,1,0.9008862972259521,LayerCAM,0.10176179846938775,0.16623485331632654,9.861235
ISIC_0028476,nv,0,0.6103164851665497,GradCAM,0.1778938137755102,0.3649354272959184,10.433464
ISIC_0028476,nv,0,0.6103164851665497,GradCAM++,0.09775589923469388,0.18861607142857142,10.256858
ISIC_0028476,nv,0,0.6103164851665497,EigenCAM,0.05807557397959184,0.10042649872448979,9.21811
ISIC_0028476,nv,0,0.6103164851665497,LayerCAM,0.0872329400510204,0.16914461096938777,10.188267
ISIC_0024878,nv,0,0.9972739559598267,GradCAM,0.0,0.0,-0.0
ISIC_0024878,nv,0,0.9972739559598267,GradCAM++,0.028360172193877552,0.0852798150510204,10.419646
ISIC_0024878,nv,0,0.9972739559598267,EigenCAM,0.029536033163265307,0.06299824617346939,9.646758
ISIC_0024878,nv,0,0.9972739559598267,LayerCAM,0.029854910714285716,0.09964923469387756,10.443801
ISIC_0028642,mel,1,0.6190728545188904,GradCAM,0.10291772959183673,0.18331473214285715,10.068669
ISIC_0028642,mel,1,0.6190728545188904,GradCAM++,0.10080516581632654,0.1868622448979592,10.142246
ISIC_0028642,mel,1,0.6190728545188904,EigenCAM,0.07146843112244898,0.12551817602040816,9.330269
ISIC_0028642,mel,1,0.6190728545188904,LayerCAM,0.10168207908163265,0.1844108737244898,10.122255
ISIC_0029483,nv,0,0.9961001125629991,GradCAM,0.0,0.0,-0.0
ISIC_0029483,nv,0,0.9961001125629991,GradCAM++,0.07967952806122448,0.15904017857142858,10.283534
ISIC_0029483,nv,0,0.9961001125629991,EigenCAM,0.07055165816326531,0.1337890625,9.373383
ISIC_0029483,nv,0,0.9961001125629991,LayerCAM,0.09305245535714286,0.1687858737244898,10.3382845
ISIC_0032115,nv,0,0.9931605085730553,GradCAM,0.0,0.0,-0.0
ISIC_0032115,nv,0,0.9931605085730553,GradCAM++,0.037587691326530615,0.12209024234693877,10.47693
ISIC_0032115,nv,0,0.9931605085730553,EigenCAM,0.04468271683673469,0.08535953443877552,9.580385
ISIC_0032115,nv,0,0.9931605085730553,LayerCAM,0.046875,0.15712691326530612,10.510212
ISIC_0033562,mel,1,0.5225793123245239,GradCAM,0.10385443239795919,0.16824776785714285,9.901344
ISIC_0033562,mel,1,0.5225793123245239,GradCAM++,0.09195631377551021,0.1853874362244898,10.224614
ISIC_0033562,mel,1,0.5225793123245239,EigenCAM,0.08229033801020408,0.1451690051020408,9.473322
ISIC_0033562,mel,1,0.5225793123245239,LayerCAM,0.09729751275510204,0.1943957270408163,10.236029
ISIC_0028292,nv,0,0.9969225039239973,GradCAM,0.0,0.0,-0.0
ISIC_0028292,nv,0,0.9969225039239973,GradCAM++,0.11658960459183673,0.3217075892857143,10.584267
ISIC_0028292,nv,0,0.9969225039239973,EigenCAM,0.08988360969387756,0.1599968112244898,9.7749815
ISIC_0028292,nv,0,0.9969225039239973,LayerCAM,0.19997608418367346,0.39504942602040816,10.586368
ISIC_0028850,nv,0,0.9976554058957845,GradCAM,0.0,0.0,-0.0
ISIC_0028850,nv,0,0.9976554058957845,GradCAM++,0.03864397321428571,0.10760124362244898,10.446005
ISIC_0028850,nv,0,0.9976554058957845,EigenCAM,0.0323860012755102,0.06373565051020408,9.267944
ISIC_0028850,nv,0,0.9976554058957845,LayerCAM,0.027503188775510203,0.09751674107142858,10.453702
ISIC_0034273,nv,0,0.8075938522815704,GradCAM,0.060825892857142856,0.09042171556122448,9.358807
ISIC_0034273,nv,0,0.8075938522815704,GradCAM++,0.12408322704081633,0.25589923469387754,10.379511
ISIC_0034273,nv,0,0.8075938522815704,EigenCAM,0.03748804209183673,0.08440290178571429,9.215558
ISIC_0034273,nv,0,0.8075938522815704,LayerCAM,0.057517538265306124,0.19575095663265307,10.345157
ISIC_0025000,nv,0,0.7537029981613159,GradCAM,0.0674625318877551,0.1351044323979592,10.257296
ISIC_0025000,nv,0,0.7537029981613159,GradCAM++,0.050302933673469385,0.10060586734693877,10.21737
ISIC_0025000,nv,0,0.7537029981613159,EigenCAM,0.03790656887755102,0.07152822066326531,8.97527
ISIC_0025000,nv,0,0.7537029981613159,LayerCAM,0.047173947704081634,0.09494579081632654,10.161988
ISIC_0030300,nv,0,0.7847917377948761,GradCAM,0.027861926020408163,0.049505739795918366,8.557104
ISIC_0030300,nv,0,0.7847917377948761,GradCAM++,0.060646524234693876,0.10662468112244898,10.141055
ISIC_0030300,nv,0,0.7847917377948761,EigenCAM,0.045240752551020405,0.08221061862244898,9.010307
ISIC_0030300,nv,0,0.7847917377948761,LayerCAM,0.06385522959183673,0.10939492984693877,10.207757
ISIC_0029063,nv,0,0.9863055450841784,GradCAM,0.0,0.0,-0.0
ISIC_0029063,nv,0,0.9863055450841784,GradCAM++,0.07967952806122448,0.21269132653061223,10.496615
ISIC_0029063,nv,0,0.9863055450841784,EigenCAM,0.042889030612244895,0.11192602040816327,9.839182
ISIC_0029063,nv,0,0.9863055450841784,LayerCAM,0.09004304846938775,0.24055325255102042,10.524505
ISIC_0032016,nv,0,0.9865070823580027,GradCAM,0.016661352040816327,0.028738839285714284,7.6821427
ISIC_0032016,nv,0,0.9865070823580027,GradCAM++,0.11995774872448979,0.2514748086734694,10.470672
ISIC_0032016,nv,0,0.9865070823580027,EigenCAM,0.04235092474489796,0.11852279974489796,9.78838
ISIC_0032016,nv,0,0.9865070823580027,LayerCAM,0.13552295918367346,0.3041892538265306,10.494905
ISIC_0025473,nv,0,0.7745113223791122,GradCAM,0.016661352040816327,0.028738839285714284,7.9392605
ISIC_0025473,nv,0,0.7745113223791122,GradCAM++,0.04456313775510204,0.09390943877551021,10.29747
ISIC_0025473,nv,0,0.7745113223791122,EigenCAM,0.03411989795918367,0.06365593112244898,8.858584
ISIC_0025473,nv,0,0.7745113223791122,LayerCAM,0.04689492984693878,0.09978874362244898,10.37201
ISIC_0026779,nv,0,0.9969036136753857,GradCAM,0.0,0.0,-0.0
ISIC_0026779,nv,0,0.9969036136753857,GradCAM++,0.13285235969387754,0.34550382653061223,10.600885
ISIC_0026779,nv,0,0.9969036136753857,EigenCAM,0.04689492984693878,0.08089524872448979,9.697966
ISIC_0026779,nv,0,0.9969036136753857,LayerCAM,0.1437938456632653,0.38125797193877553,10.580009
ISIC_0026828,nv,0,0.9965923761483282,GradCAM,0.0,0.0,-0.0
ISIC_0026828,nv,0,0.9965923761483282,GradCAM++,0.035475127551020405,0.06032764668367347,10.204649
ISIC_0026828,nv,0,0.9965923761483282,EigenCAM,0.032146843112244895,0.056162308673469385,9.333226
ISIC_0026828,nv,0,0.9965923761483282,LayerCAM,0.035455197704081634,0.06078603316326531,10.24049
ISIC_0033431,mel,1,0.7511717081069946,GradCAM,0.14317602040816327,0.23961654974489796,10.213569
ISIC_0033431,mel,1,0.7511717081069946,GradCAM++,0.14602598852040816,0.24689094387755103,10.187906
ISIC_0033431,mel,1,0.7511717081069946,EigenCAM,0.11084980867346939,0.17528300382653061,9.656839
ISIC_0033431,mel,1,0.7511717081069946,LayerCAM,0.13073979591836735,0.23176419005102042,10.187989
ISIC_0030106,mel,1,0.7264081835746765,GradCAM,0.17604033801020408,0.3510841836734694,10.458341
ISIC_0030106,mel,1,0.7264081835746765,GradCAM++,0.2570950255102041,0.3651546556122449,10.379654
ISIC_0030106,mel,1,0.7264081835746765,EigenCAM,0.12553810586734693,0.20284598214285715,9.714881
ISIC_0030106,mel,1,0.7264081835746765,LayerCAM,0.24549585459183673,0.34841358418367346,10.323831
ISIC_0034206,nv,0,0.9377134591341019,GradCAM,0.033083545918367346,0.10634566326530612,9.228463
ISIC_0034206,nv,0,0.9377134591341019,GradCAM++,0.06501116071428571,0.10698341836734694,9.978599
ISIC_0034206,nv,0,0.9377134591341019,EigenCAM,0.06232063137755102,0.09610172193877552,8.907776
ISIC_0034206,nv,0,0.9377134591341019,LayerCAM,0.06517059948979592,0.10766103316326531,9.978206
ISIC_0029609,nv,0,0.8650231212377548,GradCAM,0.016661352040816327,0.028738839285714284,7.6821427
ISIC_0029609,nv,0,0.8650231212377548,GradCAM++,0.09677933673469388,0.1704998405612245,10.306737
ISIC_0029609,nv,0,0.8650231212377548,EigenCAM,0.0778061224489796,0.12894610969387754,9.332497
ISIC_0029609,nv,0,0.8650231212377548,LayerCAM,0.10237962372448979,0.1857860331632653,10.33632
ISIC_0031635,nv,0,0.9066589772701263,GradCAM,0.013552295918367346,0.028619260204081634,7.9323683
ISIC_0031635,nv,0,0.9066589772701263,GradCAM++,0.05319276147959184,0.13950892857142858,10.423861
ISIC_0031635,nv,0,0.9066589772701263,EigenCAM,0.05823501275510204,0.10168207908163265,9.15028
ISIC_0031635,nv,0,0.9066589772701263,LayerCAM,0.04641661352040816,0.12888632015306123,10.387294
ISIC_0024699,nv,0,0.9986369110411033,GradCAM,0.0,0.0,-0.0
ISIC_0024699,nv,0,0.9986369110411033,GradCAM++,0.17281170280612246,0.33432318239795916,10.518931
ISIC_0024699,nv,0,0.9986369110411033,EigenCAM,0.12183115433673469,0.21163504464285715,9.924763
ISIC_0024699,nv,0,0.9986369110411033,LayerCAM,0.1732501594387755,0.3687220982142857,10.562759
ISIC_0024862,nv,0,0.5806432366371155,GradCAM,0.08165258290816327,0.1599968112244898,9.789857
ISIC_0024862,nv,0,0.5806432366371155,GradCAM++,0.1546954719387755,0.2636120854591837,10.30932
ISIC_0024862,nv,0,0.5806432366371155,EigenCAM,0.11810427295918367,0.1779735331632653,9.499031
ISIC_0024862,nv,0,0.5806432366371155,LayerCAM,0.15997688137755103,0.27086654974489793,10.338571
ISIC_0033710,mel,1,0.9762671589851379,GradCAM,0.16043526785714285,0.2537468112244898,10.020665
ISIC_0033710,mel,1,0.9762671589851379,GradCAM++,0.15254304846938777,0.24491788903061223,10.0101
ISIC_0033710,mel,1,0.9762671589851379,EigenCAM,0.11812420280612244,0.18799824617346939,9.603368
ISIC_0033710,mel,1,0.9762671589851379,LayerCAM,0.15174585459183673,0.24270567602040816,9.987224
ISIC_0030891,nv,0,0.9977955101057887,GradCAM,0.0,0.0,-0.0
ISIC_0030891,nv,0,0.9977955101057887,GradCAM++,0.06758211096938775,0.16988201530612246,10.338307
ISIC_0030891,nv,0,0.9977955101057887,EigenCAM,0.026925223214285716,0.09586256377551021,9.681702
ISIC_0030891,nv,0,0.9977955101057887,LayerCAM,0.06652582908163265,0.1824577487244898,10.404017
ISIC_0031615,nv,0,0.7113543152809143,GradCAM,0.041693239795918366,0.07481664540816327,9.093687
ISIC_0031615,nv,0,0.7113543152809143,GradCAM++,0.08848852040816327,0.268734056122449,10.502693
ISIC_0031615,nv,0,0.7113543152809143,EigenCAM,0.06523038903061225,0.12115353954081633,9.371237
ISIC_0031615,nv,0,0.7113543152809143,LayerCAM,0.07104990433673469,0.2171356823979592,10.481299
ISIC_0026323,nv,0,0.8288230299949646,GradCAM,0.03059231505102041,0.0674625318877551,9.96675
ISIC_0026323,nv,0,0.8288230299949646,GradCAM++,0.10748166454081633,0.3094108737244898,10.544171
ISIC_0026323,nv,0,0.8288230299949646,EigenCAM,0.0431281887755102,0.08274872448979592,8.965213
ISIC_0026323,nv,0,0.8288230299949646,LayerCAM,0.06012834821428571,0.21031967474489796,10.485727
ISIC_0031300,nv,0,0.9933873014524579,GradCAM,0.0,0.0,-0.0
ISIC_0031300,nv,0,0.9933873014524579,GradCAM++,0.07957987882653061,0.26395089285714285,10.549646
ISIC_0031300,nv,0,0.9933873014524579,EigenCAM,0.03318319515306122,0.08246970663265306,9.582758
ISIC_0031300,nv,0,0.9933873014524579,LayerCAM,0.08410395408163265,0.2909359056122449,10.5895195
ISIC_0025748,mel,1,0.7976900339126587,GradCAM,0.11332110969387756,0.18092315051020408,9.848315
ISIC_0025748,mel,1,0.7976900339126587,GradCAM++,0.11276307397959184,0.1818797831632653,10.003661
ISIC_0025748,mel,1,0.7976900339126587,EigenCAM,0.09584263392857142,0.1551139987244898,9.392197
ISIC_0025748,mel,1,0.7976900339126587,LayerCAM,0.11700813137755102,0.18504862882653061,10.009342
ISIC_0025380,nv,0,0.9910709913820028,GradCAM,0.0,0.0,-0.0
ISIC_0025380,nv,0,0.9910709913820028,GradCAM++,0.06979432397959184,0.2181122448979592,10.44879
ISIC_0025380,nv,0,0.9910709913820028,EigenCAM,0.05990911989795918,0.10038663903061225,9.172194
ISIC_0025380,nv,0,0.9910709913820028,LayerCAM,0.07172751913265306,0.2190888073979592,10.469817
ISIC_0028829,nv,0,0.8533415347337723,GradCAM,0.030831473214285716,0.0489875637755102,8.471777
ISIC_0028829,nv,0,0.8533415347337723,GradCAM++,0.1343670280612245,0.286930006377551,10.437924
ISIC_0028829,nv,0,0.8533415347337723,EigenCAM,0.0830078125,0.14393335459183673,9.45897
ISIC_0028829,nv,0,0.8533415347337723,LayerCAM,0.10544882015306123,0.23943718112244897,10.432653
ISIC_0028124,bkl,0,0.6960403025150299,GradCAM,0.04408482142857143,0.1278698979591837,9.890335
ISIC_0028124,bkl,0,0.6960403025150299,GradCAM++,0.19118702168367346,0.38016183035714285,10.448222
ISIC_0028124,bkl,0,0.6960403025150299,EigenCAM,0.13600127551020408,0.20978156887755103,9.6991415
ISIC_0028124,bkl,0,0.6960403025150299,LayerCAM,0.21922831632653061,0.37735172193877553,10.410473
ISIC_0031385,nv,0,0.5332824289798737,GradCAM,0.06092554209183673,0.22425063775510204,10.477641
ISIC_0031385,nv,0,0.5332824289798737,GradCAM++,0.12876674107142858,0.26853475765306123,10.396333
ISIC_0031385,nv,0,0.5332824289798737,EigenCAM,0.08057637117346939,0.12904575892857142,9.320256
ISIC_0031385,nv,0,0.5332824289798737,LayerCAM,0.10301737882653061,0.2335578762755102,10.340238
ISIC_0029197,nv,0,0.8441036939620972,GradCAM,0.05486686862244898,0.1980827487244898,10.003815
ISIC_0029197,nv,0,0.8441036939620972,GradCAM++,0.18078364158163265,0.4534239477040816,10.553831
ISIC_0029197,nv,0,0.8441036939620972,EigenCAM,0.07954001913265306,0.12430245535714286,9.198078
ISIC_0029197,nv,0,0.8441036939620972,LayerCAM,0.1429767219387755,0.26524633290816324,10.439521
ISIC_0024415,nv,0,0.9976585824042559,GradCAM,0.0,0.0,-0.0
ISIC_0024415,nv,0,0.9976585824042559,GradCAM++,0.07340162627551021,0.3278061224489796,10.627187
ISIC_0024415,nv,0,0.9976585824042559,EigenCAM,0.3251355229591837,0.4710020727040816,10.39578
ISIC_0024415,nv,0,0.9976585824042559,LayerCAM,0.07397959183673469,0.3428332270408163,10.633734
ISIC_0031053,nv,0,0.8168563544750214,GradCAM,0.04059709821428571,0.09875239158163265,9.2902155
ISIC_0031053,nv,0,0.8168563544750214,GradCAM++,0.23180404974489796,0.47951211734693877,10.639107
ISIC_0031053,nv,0,0.8168563544750214,EigenCAM,0.11698820153061225,0.18299585459183673,9.585113
ISIC_0031053,nv,0,0.8168563544750214,LayerCAM,0.2544642857142857,0.47596460459183676,10.606289
ISIC_0030752,nv,0,0.9971947919111699,GradCAM,0.0,0.0,-0.0
ISIC_0030752,nv,0,0.9971947919111699,GradCAM++,0.07479671556122448,0.22985092474489796,10.450995
ISIC_0030752,nv,0,0.9971947919111699,EigenCAM,0.05129942602040816,0.10475127551020408,9.685215
ISIC_0030752,nv,0,0.9971947919111699,LayerCAM,0.07441804846938775,0.24386160714285715,10.4836445
ISIC_0027684,nv,0,0.5121880173683167,GradCAM,0.02477279974489796,0.08655532525510204,10.097007
ISIC_0027684,nv,0,0.5121880173683167,GradCAM++,0.08986367984693877,0.1481983418367347,9.984432
ISIC_0027684,nv,0,0.5121880173683167,EigenCAM,0.06447305484693877,0.10325653698979592,9.124144
ISIC_0027684,nv,0,0.5121880173683167,LayerCAM,0.08912627551020408,0.1464245854591837,9.971707
ISIC_0031162,nv,0,0.9810968264937401,GradCAM,0.0,0.0,-0.0
ISIC_0031162,nv,0,0.9810968264937401,GradCAM++,0.0538703762755102,0.10297751913265306,10.201572
ISIC_0031162,nv,0,0.9810968264937401,EigenCAM,0.044423628826530615,0.09091996173469388,9.342647
ISIC_0031162,nv,0,0.9810968264937401,LayerCAM,0.0576171875,0.10849808673469388,10.258102
ISIC_0029220,bcc,1,0.9245482087135315,GradCAM,0.15559231505102042,0.2548030931122449,10.08975
ISIC_0029220,bcc,1,0.9245482087135315,GradCAM++,0.14879623724489796,0.2496611926020408,10.0979395
ISIC_0029220,bcc,1,0.9245482087135315,EigenCAM,0.09958944515306123,0.17747528698979592,9.657371
ISIC_0029220,bcc,1,0.9245482087135315,LayerCAM,0.14897560586734693,0.2482860331632653,10.078354
ISIC_0030167,nv,0,0.5829020142555237,GradCAM,0.09610172193877552,0.27200255102040816,10.206701
ISIC_0030167,nv,0,0.5829020142555237,GradCAM++,0.16069435586734693,0.31995376275510207,10.445037
ISIC_0030167,nv,0,0.5829020142555237,EigenCAM,0.08346619897959184,0.16027582908163265,9.785133
ISIC_0030167,nv,0,0.5829020142555237,LayerCAM,0.16027582908163265,0.3147720025510204,10.420042
ISIC_0027702,mel,1,0.7411773800849915,GradCAM,0.16458067602040816,0.27535076530612246,10.275924
ISIC_0027702,mel,1,0.7411773800849915,GradCAM++,0.15341996173469388,0.26175860969387754,10.302386
ISIC_0027702,mel,1,0.7411773800849915,EigenCAM,0.09498565051020408,0.1786511479591837,9.666167
ISIC_0027702,mel,1,0.7411773800849915,LayerCAM,0.14891581632653061,0.25625797193877553,10.256427
ISIC_0027164,nv,0,0.863034725189209,GradCAM,0.016661352040816327,0.028738839285714284,8.172797
ISIC_0027164,nv,0,0.863034725189209,GradCAM++,0.05448820153061224,0.1799266581632653,10.464737
ISIC_0027164,nv,0,0.863034725189209,EigenCAM,0.16127232142857142,0.5763512436224489,10.541087
ISIC_0027164,nv,0,0.863034725189209,LayerCAM,0.04942602040816327,0.17185507015306123,10.455323
